<?xml version="1.0"?>
<!-- edited with XML Spy v4.3 U (http://www.xmlspy.com) by LEGO (LEGO) -->
<!DOCTYPE Historico SYSTEM "historico.dtd">
<?xml-stylesheet type="text/xsl" href="tarefasTitulo.xsl"?>
<Historico>
	<Tarefa Data="2002-03-08" Autores="Felipe">
		<Cenario/>
		<Titulo>Criação do newsgroup do toSobrando©</Titulo>
		<Descricao> Foi criado um grupo de discussão no yahoogroups para comunicação entre os membros do grupo toSobrando© </Descricao>
	</Tarefa>
	<Tarefa Data="2002-03-15" Autores="Grupo">
		<Cenario/>
		<Titulo>Criação do MER</Titulo>
		<Descricao> Criado o modelo do banco de dados</Descricao>
	</Tarefa>
	<Tarefa Data="2002-04-18" Autores="Grupo">
		<Cenario/>
		<Titulo>Definição dos requisitos, objetivos e divisão das tarefas iniciais </Titulo>
		<Descricao> Os requisitos foram revistos junto com a Karin e se definiu pelo seguinte:&lt;br&gt;
&lt;br&gt;
- Deverá existir um tipo de usuário "administrador" (controle total sobre o sistema -- alteração, inclusão e exclusão) e outro "usuário normal". O usuário normal faz sugestões de alteração, inclusão e exclusão que deverão ser aprovadas (ou não) pelo administrador. Em caso de aprovação, a operação é executada automaticamente e guarda-se o histórico de sugestões e versões antigas.&lt;br&gt;
&lt;br&gt;
- Na página de descrição de uma palavra do léxico deve existir uma lista de palavras que referenciam a palavra sendo exibida (e não uma lista com as palavras que a palavra sendo vista referencia, pois essas poderão ser obtidas da descrição).&lt;br&gt;
&lt;br&gt;
- Ao navegar pelo léxico não se pode chegar aos cenários, mas navegando pelos cenários deve ser possível obter informações do léxico (por exemplo, saber a definição de alguma palavra que apareça na descrição de um cenário).&lt;br&gt;
&lt;br&gt;
email do Felipe para o newsgroup toSobrando©:&lt;br&gt;
&lt;br&gt;
&lt;br&gt;
Requisitos funcionais e não funcionais para o projeto de princípios de engenharia de software&lt;br&gt;
&lt;br&gt;
&lt;br&gt;
Nós vamos ter que fazer uma aplicação voltada para a Web que gerência dicionários de léxicos e cenários. 
Os requisitos que nós conseguimos obter em sala de aula foram: &lt;br&gt;
Vamos ter que desenvolver um modelo entidade - relacionamento de um banco de dados para servir de base para o sistema como dito anteriormente e voltada para Internet &lt;br&gt;
A aplicação vai ser multi usuário e então terá que ter login e senha, contando também com dois níveis de usuário: um que pode fazer tudo( inclusão alteração exclusão) e outro que pode apenas incluir ( como exemplo o, novos cenários e entradas no dicionário léxico.)Este segundo, para fazer alguma alteração, deverá ter a possibilidade de incluir uma sugestão. &lt;br&gt;
Com relação ao item anterior deverá haver uma ferramenta de modificação de texto, onde os usuários do grupo ou projeto se quiserem fazer alguma alteração deverão enviar uma sugestão onde todos os outros usuários, que estão relacionados ao item a ser modificado deverão dar autorização para a modificação. 
Se alguém não validar a sugestão, a mensagem terá que ser enviada para o chefe do projeto para ele dar a validação ou não dá sugestão.&lt;br&gt;
Um requisito muito importante é a criação de projetos onde cada projeto tem o seu chefe, e os dicionários léxicos e casos de uso( cenários) serão apresentados apenas do projeto ativo. &lt;br&gt;
Uma ferramenta para controle de versão deverá ser criada para manter o histórico de alteração e a justificativa da alteração. &lt;br&gt;
&lt;br&gt;
Requisitos para exibição &lt;br&gt;
&lt;br&gt;
Todas as entidades ( palavras do dicionário léxico, cenários) deverão estar interligadas através de Links. 
ambas as formas de exibição do léxico e dos cenários partirão dos seguintes princípios: serão exibidos na forma de árvores.&lt;br&gt;
A árvore do dicionário léxico terá uma forma onde a raiz da árvore apresenta todas as palavras do dicionário e quando expandido a uma palavra aparecerá todas as outras palavras do dicionário relacionadas a essa palavra.
árvore dos cenários será exibida da seguinte forma: a raiz conterá os cenários "pais", quando expandido exibirá os sub-cenários ( episódios) e suas exceções. O mesmo vale para os sub-cenários.&lt;br&gt;
na área onde a definição dos cenários será exibida, todas as entidades cadastradas pelo sistema para este projeto aparecerão como links para a definição desta entidade. &lt;br&gt;
Se duas entidades estando uma no dicionário léxico e outra nos cenários que tenham o mesmo nome, dependendo em que área de definição este nome apareça ( área de definição do dicionário léxico o o dos cenários ) por link para a entidade levará o usuário a ver a definição da entidade da área corrente.&lt;br&gt;
Tanto na página de alteração de cenário ou léxico, quanto na página de inclusão de sugestão de alteração a definição do item a ser alterado deverá ser copiado para a área de texto onde vai ser incluída alteração ou sugestão. &lt;br&gt;
Na página da inclusão de cenários deverá haver uma possibilidade de incluir um cenário pai e do cenário que está sendo incluído &lt;br&gt;
&lt;br&gt;
&lt;br&gt;
Relatórios &lt;br&gt;
&lt;br&gt;
&lt;br&gt;
os relatórios tanto na Internet quanto impressos deverão mostrar as configurações do projeto ou seja, o léxico e os cenários.&lt;br&gt;
Por haver um histórico de modificações em todos os itens este relatório poderá ser visualizada por data. 
Ambos os relatórios devem ser exibidos em ordem alfabética e conter um índice para cada item. &lt;br&gt;
Na primeira página dos cenários deverá aparecer árvore de cenários, como descrita na parte de exibição.&lt;br&gt;
No relatório impresso um requisito será a apresentação de até quatro cenários por página, podendo até a não ser assim mais o objetivo principal será a a exibição de vários cenários por página, ou seja, não ficar um dicionário apenas por página.&lt;br&gt;
Como havíamos discutido depois da aula vou separar algumas tarefas: &lt;br&gt;
para amanhã deveremos ter alguma idéia sobre como e o que vamos fazer. Por isso vou precisar de &lt;br&gt;
&lt;br&gt;
&lt;br&gt;
Páginas protótipo&lt;br&gt;
&lt;br&gt;
&lt;br&gt;
uma página de login &lt;br&gt;
uma página de exibição, que vai ser a mesma para o dicionário léxico e os cenários &lt;br&gt;
uma página de alteração e inclusão de cenários&lt;br&gt;
uma página de alteração e inclusão de palavras do dicionário léxico&lt;br&gt;
uma página para a inclusão de sugestões de alteração &lt;br&gt;
&lt;br&gt;
&lt;br&gt;
Protótipo de metodologias &lt;br&gt;
&lt;br&gt;
&lt;br&gt;
como vamos fazer os links entre todas as entidades do projeto&lt;br&gt;
como vamos fazer a ferramenta de modificação de texto, ou seja, como vai aparecer na tela a página de validação de sugestão ou alteração. &lt;br&gt;
Sugiro que tenha duas áreas de texto uma com a velha e outra com a nova. Isso também pode ser um protótipo de página protótipo de layout&lt;br&gt;
como havíamos sugerido após a aula eu ( Felipe), Alexandre e o Marcelo vamos fazer alguns protótipos de exibição para a escolha entre o grupo&lt;br&gt;
&lt;br&gt;
email do Alexandre Florio para o newsgroup toSobrando©:&lt;br&gt;
&lt;br&gt;
&lt;br&gt;
Conforme ficou definido na ultima aula (18/04), a divisao de tarefas sera a seguinte:&lt;br&gt;
Modelagem da Base de Dados - Leone, Omar e Felipe&lt;br&gt;
Continuacao do Prototipo - Marcelo, AAlbuquerque&lt;br&gt;
Estudo de metodo para identificar links - Bernardo, Fabio&lt;br&gt;
Pesquisa de XML - Marcelo, Felipe&lt;br&gt;
Metodo para controle de versao - Alexandre, Olavo </Descricao>
	</Tarefa>
	<Tarefa Data="2002-04-20" Autores="Fabio--Alexandre">
		<Cenario>Navegação</Cenario>
		<Titulo>Início de testes em PHP </Titulo>
		<Descricao> Começaram os testes com PHP. Foram criadas algumas funções de acesso a banco de dados e disponibilizadas para o grupo</Descricao>
	</Tarefa>
	<Tarefa Data="2002-04-30" Autores="AFlorio--Bernardo">
		<Cenario/>
		<Titulo>Configuração Servidor ToSobrando</Titulo>
		<Descricao> Descrição: Foi configurado um servidor Linux com web-server Apache que hospedará a aplicação, a ser desenvolvida utilizando PHP. O SGBD instalado no servidor que a aplicação utilizará é o MySQL. Para informações sobre como instalar o Apache com PHP e MySQL ativado olhar nas páginas
http://httpd.apache.org; http://www.mysql.com; http://www.php.net</Descricao>
	</Tarefa>
	<Tarefa Data="2002-05-02" Autores="AFlorio--Bernardo">
		<Cenario/>
		<Titulo>Instalação de ferramenta de gerenciamento</Titulo>
		<Descricao> Foi colocada uma ferramenta para gerenciamento de projetos no site do 
projeto, no endereco http://www.tosobrando.com.br/controle </Descricao>
	</Tarefa>
	<Tarefa Data="2002-05-02" Autores="AFlorio--Bernardo">
		<Cenario/>
		<Titulo>Divulgação de exemplos</Titulo>
		<Descricao>Foi disponibilizado um exemplo de uso de Regular Expressions em PHP: http://139.82.111.238:8000/~pes/regexp.php E colocado no servidor um exemplo de uso de PHP com PostgreSQL.
em http://139.82.111.238:8000/~pes/exemplo.php.</Descricao>
	</Tarefa>
	<Tarefa Data="2002-05-04" Autores="Leone--Omar">
		<Cenario/>
		<Titulo>Desenvolvimento de Novas Funcões</Titulo>
		<Descricao>Leone e Omar fizeram a parte da aplicação que mostra os cenários e léxicos que referenciam o cenário ou léxico que esteja sendo mostrado no frame superior. As funções criadas foram disponibilizadas para o grupo na página do projeto. São elas:

OLcriatabelasteste.php - cria umas tabelas para teste.

OLiniciateste.php - executa funçãao que cria as tabelas.

OLque_referenciam.php - função que dada a base, o id do léxico ou cenário e o tipo ("léxico" ou "cenário"), retorna a tabela com os léxicos e cenários que referenciam o léxico ou cenário com o id passado. 

OLtabelashtml.php - executa a função que retorna a tabela com os léxicos e cenários e mostra os dados.</Descricao>
	</Tarefa>
	<Tarefa Data="2002-05-05" Autores="AFlorio--Bernardo">
		<Cenario/>
		<Titulo>Criação de Script Gerador da Base de Dados</Titulo>
		<Descricao> Foi criado um script (sequência de comandos SQL) que gera o esquema da base de dados da aplicação. Uma vez que o esquema está pronto, pode-se começar a desenvolver e testar as aplicações (scripts PHP).

http://httpd.apache.org; http://www.mysql.com; http://www.php.net</Descricao>
	</Tarefa>
	<Tarefa Data="2002-05-05" Autores="Fabio--Alexandre">
		<Cenario/>
		<Titulo>Testes</Titulo>
		<Descricao>Criação de tela de cadastro para testes</Descricao>
	</Tarefa>
	<Tarefa Data="2002-05-05" Autores="AFlorio--Bernardo">
		<Cenario>Navegaçao</Cenario>
		<Titulo>Desenvolvimento do menu para navegação</Titulo>
		<Descricao>Pesquisou-se sobre diversas possibilidades de implementação do menu de navegação e chegou-se a conclusão que o mesmo seria feito utilizando JavaScript, por ser portável entre diversos 'browsers' e também por já se ter bastante material passível de reutilização. Começou-se então a implementação do menu de acordo com as necessidades específicas da aplicação.</Descricao>
	</Tarefa>
	<Tarefa Data="2002-05-06" Autores="AFlorio--Bernardo">
		<Cenario/>
		<Titulo>Atualização do Script Gerador da Base de Dados</Titulo>
		<Descricao>Atualizou-se o script gerador da base de dados para atender a necessidades específicas da implementação de determinados módulos.</Descricao>
	</Tarefa>
	<Tarefa Data="2002-05-08" Autores="Leone--Omar">
		<Cenario>Navegação Circular</Cenario>
		<Titulo>Construção do frame inferior direito</Titulo>
		<Descricao>Este frame mostra os cenários e léxicos que referenciam o cenário ou léxico que esteja no frame superior direito. Para isso, construímos uma função que passada a base, o tipo "léxico" ou "cenário" e o id do respectivo, preenche-se o frame com os dados necessários. Esta função está no arquivo frame_inferior.php com o mesmo nome do arquivo.</Descricao>
	</Tarefa>
	<Tarefa Data="2002-05-09" Autores="Fabio--Alexandre">
		<Cenario/>
		<Titulo>Construção da função Insere Léxico e Cenário</Titulo>
		<Descricao>Estas funções modificam o texto de um léxico ou cenário criando um link em cada palavra que referencia a um léxico ou cenário para sua respectiva definição. Além disto faz um insert deste novo registro no banco de dados.&lt;br&gt;
Arquivos gerados: fabioRegExp.php ; insereCenario.php ; insereLexico.php ; formCenario.php ; formLexico.php</Descricao>
	</Tarefa>
	<Tarefa Data="2002-05-09" Autores="Fabio--Alexandre">
		<Cenario/>
		<Titulo>Construção da tela principal</Titulo>
		<Descricao>Esta tela recebe uma variável tipo e outra id e exibe o conteúdo do léxico ou cenário referente a estes parametros.&lt;br&gt;
Arquivos gerados: main.php</Descricao>
	</Tarefa>
	<Tarefa Data="2002-05-11" Autores="Grupo">
		<Cenario/>
		<Titulo>Definições para o segundo ciclo</Titulo>
		<Descricao> Foram discutidos os erros cometidos do primeiro ciclo. E decidido tomar mais cuida &lt;br&gt;
&lt;br&gt;
Foram definidas as novas duplas, levando em consideração os conhecimentos adquiridos de cada um para que haja melhor intercâmbio de informações: &lt;br&gt;
&lt;br&gt;
- Leone -- Bernardo&lt;br&gt;
- Olavo -- Fabio&lt;br&gt;
- Aflorio -- Marcelo&lt;br&gt;
- Omar -- Alexandre </Descricao>
	</Tarefa>
	<Tarefa Data="2002-05-11" Autores="AFlorio--Marcelo">
		<Cenario/>
		<Titulo>Alteração do Script de Banco de Dados </Titulo>
		<Descricao> Foi Alterado o script do banco de dados para adicionar uma nova tabela (projeto) e chaves estrangeiras para projeto nas tabelas 'lexico' e 'cenario'. &lt;br&gt;
&lt;br&gt;
Esta alteracao esta conforme o cenario que diz que o usuario escolhe o projeto que quer ver informacoes.
</Descricao>
	</Tarefa>
	<Tarefa Data="2002-05-11" Autores="AFlorio--Marcelo">
		<Cenario/>
		<Titulo>Mudança na estrutura de diretórios do servidor</Titulo>
		<Descricao> Nova Estrutura:&lt;br&gt;
./aplicacao/ -> arquivos necessarios para o sistema funcionar&lt;br&gt;
./bd/ -> arquivos relacionados ao banco de dados&lt;br&gt;
./exemplos/ -> exemplos de programacao&lt;br&gt;
./public_html/ -> links para os diversos diretorios (bd, exemplos, etc.)&lt;br&gt;
./testes/ -> scripts em desenvolvimento devem ser testados aqui&lt;br&gt;
./tracker_old/ -> pagina de tracker feita pelo Olavo (HTML)&lt;br&gt;
./tracker_new/ -> pagina de tracker em XML&lt;br&gt;
&lt;br&gt;
Os rastreadores agora devem fazer as atualizacoes na pasta 'tracker_new'.&lt;br&gt; </Descricao>
	</Tarefa>
	<Tarefa Data="2002-05-11" Autores="AFlorio--Marcelo">
		<Cenario>Navegação Circular</Cenario>
		<Titulo>Implementação Múltiplos projetos</Titulo>
		<Descricao>Foi implementada a funcionalidade de multiplos projetos,
relativa a um dos primeiros cenarios. E colocado um link para adição de projetos.
</Descricao>
	</Tarefa>
	<Tarefa Data="2002-05-15" Autores="AFlorio--Marcelo">
		<Cenario>Tela de Login</Cenario>
		<Titulo>Construção da tela de Login</Titulo>
		<Descricao> Foi desenvolvida uma tela de login para poder acessar a 
			    aplicação&lt;br&gt;Mais detalhes em login.phps
		</Descricao>
	</Tarefa>
	<Tarefa Data="2002-05-15" Autores="AFlorio--Marcelo">
		<Cenario/>
		<Titulo>Alteração do Script de Banco de Dados </Titulo>
		<Descricao> Foi Alterado o script do banco de dados para adicionar uma tabela "usuario" e outra (de relacionamento) "participa" (usuario participa do projeto). &lt;br&gt;
</Descricao>
	</Tarefa>
	<Tarefa Data="2002-05-15" Autores="Bernardo--Leone">
		<Cenario/>
		<Titulo>Redirecionamento da URL </Titulo>
		<Descricao>A Url foi redirecionada para o servidor, para que se tenha 				uma&lt;br&gt;conexão mais fácil&lt;br&gt;
</Descricao>
	</Tarefa>
	<Tarefa Data="2002-05-15" Autores="AFlorio--Marcelo">
		<Cenario/>
		<Titulo>Criação de diretório fontes </Titulo>
		<Descricao>Foi criado um diretório que contém o código fonte de  &lt;br&gt;
		dos arquivos do projeto.
</Descricao>
	</Tarefa>
	<Tarefa Data="2002-05-19" Autores="Fabio--Olavo">
		<Cenario>Remover Cenários</Cenario>
		<Titulo>Criação da função removeCenario </Titulo>
		<Descricao>Foi criada uma função que remove o cenário escolhido. Esta função recebe o id do projeto e o id 		cenario. Mais infromações podem ser vistas no código do arquivo insertReplace na pasta de testes  &lt;br&gt;
			mais detalhes em rem_cenario.phps
</Descricao>
	</Tarefa>
	<Tarefa Data="2002-05-19" Autores="AFlorio--Marcelo">
		<Cenario>Inclusão, Alteração e Exclusão de Cenários e Léxicos</Cenario>
		<Titulo>Criação e inserção no servidor das funções que inserem léxicos e cenários </Titulo>
		<Descricao>Foram criadas funções que inserem léxicos e cenários. Além de serem inseridas no servidor 				&lt;br&gt;
		mais detalhes em add_lexico e add_cenario
</Descricao>
	</Tarefa>
	<Tarefa Data="2002-05-20" Autores="Bernardo--Leone">
		<Cenario>Geração da base de dados em XML</Cenario>
		<Titulo>Análise da estrutura da XML</Titulo>
		<Descricao>Analise da estrutura da XML a ser utilizada para descrever a base de dados			&lt;br&gt;
</Descricao>
	</Tarefa>
	<Tarefa Data="2002-05-21" Autores="AFlorio--Marcelo">
		<Cenario>Inclusão de usuário independente</Cenario>
		<Titulo>Fim</Titulo>
		<Descricao>Conclusao do cenario para a inclusao de usuarios independentes			&lt;br&gt;
</Descricao>
	</Tarefa>
	<Tarefa Data="2002-05-24" Autores="Felipe">
		<Cenario/>
		<Titulo>Design</Titulo>
		<Descricao>Primeira versão do desing da página concluído &lt;br&gt;
</Descricao>
	</Tarefa>
	<Tarefa Data="2002-05-29" Autores="Bernardo--Leone">
		<Cenario/>
		<Titulo>Gerador XML</Titulo>
		<Descricao>Foi descoberto que o Gerador de XML não está se comportando conforme o previsto. O Alexandre Florio foi designado para ajudar a dupla Leone/Bernardo. &lt;br&gt;
</Descricao>
	</Tarefa>
	<Tarefa Data="2002-05-29" Autores="Bernardo--Leone">
		<Cenario/>
		<Titulo>Gerador XML</Titulo>
		<Descricao>Bernardo solucionou os erros com o Gerador de XML, no entanto foram descobertos outros erros que limitam o perfeito funcionamento do mesmo. &lt;br&gt;
</Descricao>
	</Tarefa>
	<Tarefa Data="2002-05-30" Autores="Felipe">
		<Cenario/>
		<Titulo>Sistema</Titulo>
		<Descricao>Foi modificado o sistema, para que os projetos no qual o usuario e administrador apare栭 com * ao lado dos nomes. &lt;br&gt;
</Descricao>
	</Tarefa>
	<Tarefa Data="2002-06-03" Autores="Felipe">
		<Cenario/>
		<Titulo>Correcao dos Cenarios</Titulo>
		<Descricao> Foram feitas algumas alteracoes, nos cenarios afim de solucionar os erros discutidos com o cliente.&lt;br&gt;</Descricao>
	</Tarefa>
	<Tarefa Data="2002-06-04" Autores="Bernardo--Leone">
		<Cenario/>
		<Titulo>Corrigido o erro na geração do XML</Titulo>
		<Descricao>Foi corrigido o erro na geracao do XML de alguns projetos&lt;br&gt;</Descricao>
	</Tarefa>
        <Tarefa Data="2002-06-21" Autores="Bernardo--Fabio">
		<Cenario/>
                <Titulo>Atualizacao do historico</Titulo>
                <Descricao>Foi atualizado o historico para que ele siga o padrao visual dos cenarios.</Descricao>
	</Tarefa>
        <Tarefa Data="2002-06-22" Autores="Bernardo--Fabio">
		<Cenario/>
                <Titulo>Melhoria no historico</Titulo>
                <Descricao>Foi feita uma melhoria no historico para permitir que a ordenacao seja feita por Titulo, Autores ou Data.</Descricao>
	</Tarefa>
        <Tarefa Data="2002-06-25" Autores="AFlorio--Omar">
                <Cenario>Inclusao de Cenario</Cenario>
                <Titulo>Letras maiusculas em referencia de cenario para cenario</Titulo>
                <Descricao>Todas as referencias para cenarios dentro dos campos de outros cenarios agora aparecem com letras maiusculas.</Descricao>
	</Tarefa>
        <Tarefa Data="2002-06-25" Autores="Felipe">
                <Cenario/>
                <Titulo>Layout</Titulo>
                <Descricao>O design da pagina foi melhorado, facilitando a navegabilidade e visualizacao do site.</Descricao>
	</Tarefa>
        <Tarefa Data="2002-06-23" Autores="Leone--Marcelo">
                <Cenario>Gerar relatorio XML</Cenario>
                <Titulo>Relatorio gerado a partir de data (controle de versao)</Titulo>
                <Descricao>O relatorio em XML do projeto foi alterado de forma a mostrar o espelho do projeto na data indicada.</Descricao>
	</Tarefa>
</Historico>
