<VisioDocument xmlns="urn:schemas-microsoft-com:office:visio">
	<DocumentProperties>
		<Title>PesFinalBD</Title>
		<HyperlinkBase href=""></HyperlinkBase>
	</DocumentProperties>
	<Pages>
		<Page ID="0" Name="Page-1" NameU="Page-1">
			<Shapes>
				<Shape ID="1" UniqueID="{F8B87628-D727-48DC-9989-580C811D191C}" Name="Entity" NameU="Entity" Master="7">
					<XForm>
						<PinX Unit="MM">4.124084313458989</PinX>
						<PinY Unit="MM">7.469378827646544</PinY>
					</XForm>
				</Shape>
				<Shape ID="4" UniqueID="{969CB0DC-BFD7-41CF-86F8-876CEA161D8E}" Name="Entity.4" NameU="Entity.4" Master="7">
					<XForm>
						<PinX Unit="MM">1.432214899139435</PinX>
						<PinY Unit="MM">5.665135608048994</PinY>
					</XForm>
				</Shape>
				<Shape ID="7" UniqueID="{28D38DA5-C5BF-478B-BA7E-2C6B09075258}" Name="Relationship" NameU="Relationship" Master="8">
					<XForm>
						<PinX Unit="MM">2.150457843270505</PinX>
						<PinY Unit="MM">6.796150481189851</PinY>
					</XForm>
				</Shape>
				<Shape ID="8" UniqueID="{A0967A1A-EC76-466D-A153-65146F57B5B8}" Name="Entity.8" NameU="Entity.8" Master="7">
					<XForm>
						<PinX Unit="MM">6.900196850393700</PinX>
						<PinY Unit="MM">5.628608923884514</PinY>
					</XForm>
				</Shape>
				<Shape ID="11" UniqueID="{0BB01415-8260-4027-B460-42C9BE1A30FD}" Name="Relationship.11" NameU="Relationship.11" Master="8">
					<XForm>
						<PinX Unit="MM">6.122541581550935</PinX>
						<PinY Unit="MM">6.681977252843395</PinY>
					</XForm>
				</Shape>
				<Shape ID="17" UniqueID="{748BCE33-BB33-415D-BD8A-14554BE85EE7}" Name="Entity.17" NameU="Entity.17" Master="7">
					<XForm>
						<PinX Unit="MM">4.203538598287154</PinX>
						<PinY Unit="MM">5.634951881014873</PinY>
					</XForm>
				</Shape>
				<Shape ID="20" UniqueID="{680AAFDD-9542-476B-9A2E-8F5E43696C5A}" Name="Relationship.20" NameU="Relationship.20" Master="8">
					<XForm>
						<PinX Unit="MM">5.483917701400179</PinX>
						<PinY Unit="MM">5.634951881014873</PinY>
					</XForm>
				</Shape>
				<Shape ID="21" UniqueID="{909BD8FA-9476-4CC8-A892-85F0E92CA16E}" Name="Relationship.21" NameU="Relationship.21" Master="8">
					<XForm>
						<PinX Unit="MM">2.893700787401573</PinX>
						<PinY Unit="MM">5.634951881014873</PinY>
					</XForm>
				</Shape>
				<Shape ID="22" UniqueID="{22C3CECA-F47C-40AF-9D1D-7F144C274868}" Name="Entity.22" NameU="Entity.22" Master="7">
					<XForm>
						<PinX Unit="MM">6.895545715171833</PinX>
						<PinY Unit="MM">3.791994750656168</PinY>
					</XForm>
				</Shape>
				<Shape ID="25" UniqueID="{7299EB03-5843-4E55-8D3C-94693F1295FC}" Name="Relationship.25" NameU="Relationship.25" Master="8">
					<XForm>
						<PinX Unit="MM">6.900196850393700</PinX>
						<PinY Unit="MM">4.585301837270341</PinY>
					</XForm>
				</Shape>
				<Shape ID="26" UniqueID="{AA3B7C6B-D6B9-4B5B-9F71-03A043D15F89}" Name="Relationship.26" NameU="Relationship.26" Master="8">
					<XForm>
						<PinX Unit="MM">7.539534857892305</PinX>
						<PinY Unit="MM">4.585301837270341</PinY>
					</XForm>
				</Shape>
				<Shape ID="12" UniqueID="{40FB6E0C-DCA2-426A-8D10-C875A7829A6B}" Name="Entity.12" NameU="Entity.12" Master="7">
					<XForm>
						<PinX Unit="MM">1.407219322083825</PinX>
						<PinY Unit="MM">3.791994750656168</PinY>
					</XForm>
				</Shape>
				<Shape ID="15" UniqueID="{BC4D3383-51E9-4C60-B9E6-41B632A1C5D6}" Name="Relationship.15" NameU="Relationship.15" Master="8">
					<XForm>
						<PinX Unit="MM">1.432214899139435</PinX>
						<PinY Unit="MM">4.478565179352581</PinY>
					</XForm>
				</Shape>
				<Shape ID="16" UniqueID="{8A100D5C-9A44-460F-B430-C00B860DE307}" Name="Relationship.16" NameU="Relationship.16" Master="8">
					<XForm>
						<PinX Unit="MM">2.079426922386072</PinX>
						<PinY Unit="MM">4.478565179352581</PinY>
					</XForm>
				</Shape>
				<Shape ID="27" UniqueID="{1E2B0601-239C-4A35-8594-0EC397E64F26}" Name="Entity.27" NameU="Entity.27" Master="7">
					<XForm>
						<PinX Unit="MM">4.165157480314960</PinX>
						<PinY Unit="MM">10.526027996500437</PinY>
					</XForm>
				</Shape>
				<Shape ID="30" UniqueID="{72379098-490E-4DA1-804F-79B7573AEB3C}" Name="Entity.30" NameU="Entity.30" Master="7">
					<XForm>
						<PinX Unit="MM">4.158853558917076</PinX>
						<PinY Unit="MM">9.044181977252841</PinY>
					</XForm>
				</Shape>
				<Shape ID="33" UniqueID="{7513716C-85D0-4953-B6DB-C615FB40E90E}" Name="Relationship.33" NameU="Relationship.33" Master="8">
					<XForm>
						<PinX Unit="MM">4.158853558917076</PinX>
						<PinY Unit="MM">8.298447069116360</PinY>
					</XForm>
				</Shape>
				<Shape ID="34" UniqueID="{B37A2903-F441-424C-AAA1-4C1C38D48CBB}" Name="Relationship.34" NameU="Relationship.34" Master="8">
					<XForm>
						<PinX Unit="MM">4.158853558917076</PinX>
						<PinY Unit="MM">9.701771653543307</PinY>
					</XForm>
				</Shape>
				<Shape ID="35" UniqueID="{88E33F39-69E8-427C-A524-07C818C95AD6}" Name="Entity.35" NameU="Entity.35" Master="7">
					<XForm>
						<PinX Unit="MM">1.299212598425196</PinX>
						<PinY Unit="MM">8.353455818022747</PinY>
					</XForm>
				</Shape>
				<Shape ID="38" UniqueID="{6A27E3CD-9250-4B19-AF0C-220E680D1D61}" Name="Entity.38" NameU="Entity.38" Master="7">
					<XForm>
						<PinX Unit="MM">6.968503937007874</PinX>
						<PinY Unit="MM">8.213254593175851</PinY>
					</XForm>
				</Shape>
				<Shape ID="41" UniqueID="{A6A77371-20F0-406F-B359-F24BE528A87A}" Name="Relationship.41" NameU="Relationship.41" Master="8">
					<XForm>
						<PinX Unit="MM">5.487854709274195</PinX>
						<PinY Unit="MM">8.878718285214346</PinY>
					</XForm>
				</Shape>
				<Shape ID="42" UniqueID="{E2D102A2-3FDC-48D8-BF03-BE8CC1542B15}" Name="Relationship.42" NameU="Relationship.42" Master="8">
					<XForm>
						<PinX Unit="MM">2.804857117359415</PinX>
						<PinY Unit="MM">9.044181977252841</PinY>
					</XForm>
				</Shape>
				<Shape ID="43" UniqueID="{B38F3706-EBEE-466A-AFA8-D4B9E51EF752}" Name="Relationship.43" NameU="Relationship.43" Master="8">
					<XForm>
						<PinX Unit="MM">0.767712112488680</PinX>
						<PinY Unit="MM">6.884295713035871</PinY>
					</XForm>
				</Shape>
				<Shape ID="44" UniqueID="{7141B747-89FD-483C-916E-751BD2E01291}" Name="Relationship.44" NameU="Relationship.44" Master="8">
					<XForm>
						<PinX Unit="MM">7.539534857892305</PinX>
						<PinY Unit="MM">6.795931758530182</PinY>
					</XForm>
				</Shape>
			</Shapes>
		</Page>
	</Pages>
</VisioDocument>
