﻿<?xml version="1.0" standalone="yes"?>
<root>
  <Cenario>
    <ID>0</ID>
    <Titulo>Navegação</Titulo>
    <Objetivo>Permitir ao usuário a navegação por todas as palavras do dicionário léxico e as palavras de cenários</Objetivo>
    <Contexto>Sistema aberto, usuário requisitando informações sobre um projeto.&lt;BR&gt;
&lt;b&gt;Pré-Condição&lt;/b&gt;: Login</Contexto>
    <PreCondicao>Usuário já logado, usuário já escolheu um projeto.</PreCondicao>
    <Atores>Usuário, Sistema.</Atores>
    <Recursos>Interface, Árvore, Descrição, Referência.</Recursos>
    <Episodios>O sistema cria uma árvore com todos as entidades do léxico e todas as entidades de cenário.&lt;BR&gt;
&lt;b&gt;Restrição&lt;/b&gt;: Tanto os cenários quanto as palavras do léxico têm que estar em ordem alfabética.&lt;BR&gt;
O usuário clica em uma folha da árvore e a definição da entidade aparece.&lt;BR&gt;
O sistema exibe a definição da entidade com todas as entidades que estejam cadastradas no sistema como hiperlinks e todas as entidades que referenciam essa entidade escolhida pelo usuário aparecem na referência também como hiperlinks</Episodios>
    <Restricao>Árvore em Ordem Alfabética</Restricao>
  </Cenario>
  <Cenario>
    <ID>1</ID>
    <Titulo>Navegação Circular</Titulo>
    <Objetivo>Permitir ao usuário navegar por todas as entidades que são referenciadas e que referenciam a entidade em questão.</Objetivo>
    <Contexto>Sistema aberto, usuário requisitando informações sobre entidades que se encontram dentro da definição da entidade escolhida ou que referenciam a entidade escolhida.&lt;BR&gt;
&lt;b&gt;Pré-Condição&lt;/b&gt;: Navegação</Contexto>
    <PreCondicao>Navegação</PreCondicao>
    <Atores>Usuário, Sistema.</Atores>
    <Recursos>Interface, Árvore, Descrição, Referência.</Recursos>
    <Episodios>O usuário clica em uma entidade que esteja dentro da definição que seja um hiperlink ou uma entidade que esteja na referência.&lt;BR&gt;
O sistema o levará a definição desta entidade com as mesmas propriedades do episódio 3 de Navegação, trocando na árvore a entidade selecionada
</Episodios>
    <Restricao>Dentro da definição de cenário, se uma entidade de cenário tiver o mesmo nome que uma entidade do léxico e estiver contida na definição do cenário escolhido, o hiperlink deverá levar à definição da entidade de cenário</Restricao>
  </Cenario>
  <Cenario>
    <ID>2</ID>
    <Titulo>Login</Titulo>
    <Objetivo>Permitir ao usuário entrar no sistema e escolher um projeto que ele esteja trabalhando</Objetivo>
    <Contexto>Usuário deseja entrar no sistema com seu perfil</Contexto>
    <PreCondicao>-</PreCondicao>
    <Atores>Usuário, Sistema, Classe</Atores>
    <Recursos>Interface, Banco de Dados</Recursos>
    <Episodios>O usuário fornece para o sistema um login e uma senha.&lt;BR&gt;
O sistema autentica esta senha para este usuário e carrega o perfil do usuário. Este perfil indica de que classe é este usuário.&lt;BR&gt;
O sistema dá ao usuário a opção de cadastrar um novo projeto ou utilizar um projeto que ele faça parte.&lt;BR&gt;
Escolhendo um projeto, o usuário terá a possibilidade de &lt;A HREF="#0"&gt;Navegação&lt;/A&gt; e &lt;A HREF="#1"&gt;Navegação circular&lt;/A&gt;
</Episodios>
    <Restricao>-</Restricao>
  </Cenario>
  <Cenario>
    <ID>3</ID>
    <Titulo>Cadastrar Novo Projeto</Titulo>
    <Objetivo>Permitir ao usuário cadastrar um novo projeto</Objetivo>
    <Contexto>Sistema aberto, usuário desejando incluir um novo projeto na base de dados&lt;BR&gt;
&lt;b&gt;Pré-Condição&lt;/b&gt;: Login</Contexto>
    <PreCondicao>Login</PreCondicao>
    <Atores>Usuário, Sistema.</Atores>
    <Recursos>Interface</Recursos>
    <Episodios>O Usuário clica na opção de inclusão de um novo projeto.&lt;BR&gt;
O sistema pergunta ao usuário qual o nome do projeto e sua descrição.&lt;BR&gt;
O usuário clica no botão inserir.&lt;BR&gt;
O sistema grava o novo projeto na base de dados e automaticamente constrói a Navegação para este novo projeto
</Episodios>
    <Restricao>Usuário tem que ser da classe administrador</Restricao>
  </Cenario>
  <Cenario>
    <ID>4</ID>
    <Titulo>Edição de usuário</Titulo>
    <Objetivo>Permitir ao Administrador criar novos usuários e relacionar usuários a projetos</Objetivo>
    <Contexto>Sistema aberto, Administrador deseja criar ou adicionar usuários em um projeto&lt;BR&gt;
&lt;b&gt;Pré-Condição&lt;/b&gt;: Login</Contexto>
    <PreCondicao>Login</PreCondicao>
    <Atores>Usuário, Sistema, Administrador</Atores>
    <Recursos>Interface, Projeto</Recursos>
    <Episodios>O administrador clica em &lt;A HREF="#5"&gt;Adicionar Usuário&lt;/A&gt; (sub-Cenário)&lt;BR&gt;
O administrador clica em &lt;A HREF="#6"&gt;Relacionar usuários com projetos&lt;/A&gt; (sub-cenário)
</Episodios>
    <Restricao>O Administrador só pode relacionar usuários que aos projetos que o administrador participe</Restricao>
  </Cenario>
  <Cenario>
    <ID>5</ID>
    <Titulo>Adicionar usuário</Titulo>
    <Objetivo>Permitir ao Administrador criar novos usuários</Objetivo>
    <Contexto>Sistema aberto, Administrador deseja criar usuários&lt;BR&gt;
&lt;b&gt;Pré-Condição&lt;/b&gt;: Login, Edição de Usuário</Contexto>
    <PreCondicao>Login, Edição de Usuário</PreCondicao>
    <Atores>Usuário, Sistema, Administrador</Atores>
    <Recursos>Interface</Recursos>
    <Episodios>O administrador fornece ao sistema o login, a senha e a classe do novo usuário.&lt;BR&gt;
O sistema verifica se não há outro login igual.&lt;BR&gt;
Se não houver, o sistema cadastra o novo usuário e informa ao administrador que o usuário foi cadastrado.&lt;BR&gt;
Se houver, o sistema retorna um erro para o administrador informando-o que já existe.&lt;BR&gt;
Em ambos os casos o sistema fornecerá links para a inclusão de novos usuários ou finalizar operação, levando o administrador a tela principal deste módulo.&lt;br&gt;
O novo usuário criado ira receber um e-mail com seu login e senha.
</Episodios>
    <Restricao>-</Restricao>
  </Cenario>
  <Cenario>
    <ID>6</ID>
    <Titulo>Relacionar usuários com projetos</Titulo>
    <Objetivo>Permitir ao Administrador relacionar usuários existentes com projetos existentes</Objetivo>
    <Contexto>Sistema aberto, Administrador deseja incluir usuários em projetos&lt;BR&gt;
&lt;b&gt;Pré-Condição&lt;/b&gt;: Login, Edição de Usuário</Contexto>
    <PreCondicao>Login, Edição de Usuário</PreCondicao>
    <Atores>Usuário, Sistema, Administrador</Atores>
    <Recursos>Interface, projeto</Recursos>
    <Episodios>O sistema fornece 2 colunas: a primeira com os usuários que já estão cadastrados para visualisar o projeto, e a segunda com todos os usuários do sistema.
&lt;b&gt;Restrição&lt;/b&gt;: Os usuários que já aparecerem como cadastrados no projeto não aparecem na coluna de todos os usuários para não haver redundância.
Nesta tela também vai haver dois botões para inserir e remover usuários do projeto (&lt;b&gt;Restrição&lt;/b&gt;: Insere em uma coluna e remove da outra) e um botão para confirmação.</Episodios>
    <Restricao>-</Restricao>
  </Cenario>
  <Cenario>
    <ID>7</ID>
    <Titulo>Inclusão de usuário independente</Titulo>
    <Objetivo>Permitir a um usuário que não exista no sistema, se cadastrar como um administrador</Objetivo>
    <Contexto>Sistema aberto, tela inicial do sistema, usuário não cadastrado</Contexto>
    <PreCondicao />
    <Atores>Usuário, Sistema</Atores>
    <Recursos>Interface, Banco de Dados</Recursos>
    <Episodios>O Usuário entrou no sistema.&lt;br&gt;
		Usuário clica na opção de criar usuário&lt;br&gt;
		O sistema retorna para o usuário uma interface com campos para entrada de um Nome, e-mail, login, uma senha e a confirmação da senha.&lt;br&gt;
		Depois de preenchido, o usuário clica no botão Cadastrar.&lt;br&gt;
		O sistema então checa para ver se todos os campos estão preenchidos.&lt;br&gt;
		Se não estão, o Sistema avisa que todos os campos devem ser preenchidos&lt;br&gt;
		Se estão, o sistema checa para ver se esse login já existe.&lt;br&gt;
		Se existir, O sistema retorna a mesma página para o usuário avisando que o usuário deve escolher outro login.&lt;br&gt;
		Se não existir, o Sistema cadastra esse usuário como administrador o redireciona oo usuário para a interface de inclusão de Projetos&lt;br&gt;
</Episodios>
    <Restricao>-</Restricao>
  </Cenario>
  <Cenario>
    <ID>8</ID>
    <Titulo>Inclusão, Alteração e Exclusão de Cenários e Léxicos</Titulo>
    <Objetivo>Permitir a um usuário Incluir, Alterar e Excluir um Cenário/Léxico&lt;BR&gt;
&lt;b&gt;Pré-Condição&lt;/b&gt;: </Objetivo>
    <Contexto>Sistema aberto, Menu da parte superior da tela e Página detalhe&lt;BR&gt;
&lt;b&gt;Pré-Condição&lt;/b&gt;: Login, Navegação</Contexto>
    <PreCondicao>Login, Navegação</PreCondicao>
    <Atores>Usuário, Sistema</Atores>
    <Recursos>Interface</Recursos>
    <Episodios>O usuário clica no menu superior na opção:&lt;br&gt;
Se Incluir Cenário então &lt;A HREF="#10"&gt;Inclusão de Cenário&lt;/a&gt;&lt;br&gt;
Se Incluir Léxico então &lt;A HREF="#11"&gt;Inclusão de Léxico&lt;/a&gt;&lt;br&gt;
Se Alterar ou Excluir então &lt;A HREF="#12"&gt;Alteração ou Exclusão do Objeto Corrente&lt;/a&gt;&lt;br&gt;
Depois de concluído o processo, o sistema coloca o objeto modificado em espera (pode ser numa tabela auxiliar) e manda um e-mail e uma mensagem para o gerente do projeto para a aprovação da modificação.&lt;br&gt;
Uma vez aprovada, o sistema finaliza a operação.&lt;br&gt;
</Episodios>
    <Restricao>-</Restricao>
  </Cenario>
  <Cenario>
    <ID>9</ID>
    <Titulo>Relatórios XML</Titulo>
    <Objetivo>Permitir ao Administrador do projeto obter uma versão do projeto em uma determinada data, tanto no formato de XML quanto no formato html, com vários itens podendo ser visualizados de uma vez</Objetivo>
    <Contexto>Sistema aberto, tela principal do projeto para o Gerente&lt;BR&gt;
&lt;b&gt;Pré-Condição&lt;/b&gt;: Login</Contexto>
    <Atores>Sistema, Administrador</Atores>
    <Recursos>Interface, Gerador de XML</Recursos>
    <Episodios>O administrador clica na opção de gerar Relatório XML&lt;BR&gt;
&lt;b&gt;Restrição&lt;/b&gt;: Somente o Administrador pode ter essa função visível&lt;BR&gt;
O sistema fornece para o administrador uma tela onde o administrador fornecerá uma data para a exibição do relatório naquela data.&lt;BR&gt;
&lt;b&gt;Restrição&lt;/b&gt;: no campo de data a data de hoje deve vir escrita no respectivo campo&lt;BR&gt;
Nesta tela também haverá dois botões: Ver XML ou Relatório Completo&lt;BR&gt;
&lt;b&gt;Restrição&lt;/b&gt;: Depois que o adminisrador clicar nesses botões, o sistema irá validar esta data da seguinte forma:&lt;BR&gt;
- Se a data é válida&lt;BR&gt;
- Se existe cenarios e léxicos em datas iguais ou anteriores a essa&lt;BR&gt;
Se o administrador clicar em Ver XML então sistema fornecerá para o administrador uma nova tela com o projeto na data escolhida, ou seja, com a última versão de cada cenário e léxico até a data fornecida, no formato de xml.&lt;BR&gt;
Se o administrador clicar em Relatório Completo então o sistema fornecerá uma nova tela com o relatório do projeto nas mesmas especificações anteriores mas em formato HTML.
&lt;b&gt;Restrição&lt;/b&gt;: Recuperar os dados em XML do Banco de dados e os transformar por uma XSL para a exibição.</Episodios>
  </Cenario>
  <Cenario>
    <ID>10</ID>
    <Titulo>Inclusão de Cenário</Titulo>
    <Objetivo>Permitir ao usuário a inclusão de um novo cenário</Objetivo>
    <Contexto>Sistema aberto, Menu superior&lt;BR&gt;
&lt;b&gt;Pré-Condição&lt;/b&gt;: Login</Contexto>
    <Atores>Usuário, Sistema, Projeto</Atores>
    <Recursos>Interface, Menu Superior</Recursos>
    <Episodios>O sistema fornecerá para o usuário uma tela com os seguintes campos de texto:&lt;BR&gt;
- Nome Cenário - &lt;b&gt;Restrição&lt;/b&gt;: 40 caracteres máx&lt;BR&gt;
- Objetivo - &lt;b&gt;Restrição&lt;/b&gt;: Caixa de texto com pelo menos 3 linhas de escrita visíveis&lt;BR&gt;
- Contexto&lt;BR&gt;
- Atores&lt;BR&gt;
- Recursos&lt;BR&gt;
- Episódios - &lt;b&gt;Restrição&lt;/b&gt;: Caixa de texto com pelo menos 10 linhas de escrita visíveis&lt;BR&gt;
- Botão para confirmar a inclusão do novo cenário&lt;BR&gt;
&lt;b&gt;Restrições&lt;/b&gt;: Depois de clicar no botão de confirmação, o sistema verifica se todos os campos foram preenchidos. Se não foram, Retorna uma mensagem para o usuário uma mensagem que o avisa que todos os campos devem ser preenchidos e um botão de voltar para a pagina anterior.</Episodios>
  </Cenario>
  <Cenario>
    <ID>11</ID>
    <Titulo>Inclusão de Léxico</Titulo>
    <Objetivo>Permitir ao usuário a inclusão de uma nova palavra do léxico</Objetivo>
    <Contexto>Sistema aberto, Menu superior&lt;BR&gt;
&lt;b&gt;Pré-Condição&lt;/b&gt;: Login</Contexto>
    <Atores>Usuário, Sistema, Projeto</Atores>
    <Recursos>Interface, Menu Superior</Recursos>
    <Episodios>O sistema fornecerá para o usuário uma tela com os seguintes campos de texto:&lt;BR&gt;
- Entrada Léxico - &lt;b&gt;Restrição&lt;/b&gt;: 40 caracteres máx&lt;BR&gt;
- Noção - &lt;b&gt;Restrição&lt;/b&gt;: Caixa de texto com pelo menos 4 linhas de escrita visíveis&lt;BR&gt;
- Impacto - &lt;b&gt;Restrição&lt;/b&gt;: Caixa de texto com pelo menos 4 linhas de escrita visíveis&lt;BR&gt;
- Botão para confirmar a inclusão da nova entrada do léxico&lt;BR&gt;
&lt;b&gt;Restrições&lt;/b&gt;: Depois de clicar no botão de confirmação, o sistema verifica se todos os campos foram preenchidos. Se não foram, Retorna uma mensagem para o usuário uma mensagem que o avisa que todos os campos devem ser preenchidos e um botão de voltar para a pagina anterior.</Episodios>
  </Cenario>
  <Cenario>
    <ID>12</ID>
    <Titulo>Alteração ou Exclusão do Objeto Corrente</Titulo>
    <Objetivo>Permitir ao Usuário Alterar ou excluir o cenário ou palavra do léxico que esteja ativo</Objetivo>
    <Contexto>Sistema aberto, Página de Detalhe (cenário ou léxico)&lt;BR&gt;
&lt;b&gt;Pré-Condição&lt;/b&gt;: Login, Navegação</Contexto>
    <Atores>Usuário, Sistema</Atores>
    <Recursos>Interface, Página Detalhe</Recursos>
    <Episodios>Se a alteração for de cenário então &lt;A HREF="#13"&gt;Alteração de Cenário&lt;/a&gt;&lt;br&gt;
Se a alteração for de uma palavra do Léxico então &lt;A HREF="#14"&gt;Alteração de Léxico&lt;/a&gt;&lt;br&gt;
Se for uma exclusão de cenário ou léxico então o sistema fornecerá uma tela para o usuário justificar a necessidade daquela exclusão para que o administrador possa ler e aprovar ou não. Esta tela também conterá um botão para a confirmação da exclusão.&lt;br&gt;
&lt;b&gt;Restrição&lt;/b&gt;: Depois de clicado o botão o sistema verifica se todos os campos foram preenchidos
</Episodios>
  </Cenario>
  <Cenario>
    <ID>13</ID>
    <Titulo>Alteração de Cenário</Titulo>
    <Objetivo>Permite a alteração de um cenário por um usuário</Objetivo>
    <Contexto>Sistema aberto, Página de Detalhe (cenário ou léxico)&lt;BR&gt;
&lt;b&gt;Pré-Condição&lt;/b&gt;: Login, Navegação</Contexto>
    <Atores>Usuário, Sistema</Atores>
    <Recursos>Interface</Recursos>
    <Episodios>O sistema fornecerá para o usuário a mesma tela de &lt;A HREF=#10&gt;Inclusão de Cenário&lt;/A&gt; porém com os campos preenchidos com os dados do cenário a ser alterado já em seus respectivos campos e um campo a mais para o usuário colocar uma justificativa para a alteração.
</Episodios>
  </Cenario>
  <Cenario>
    <ID>14</ID>
    <Titulo>Alteração de Léxico</Titulo>
    <Objetivo>Permite a alteração de uma entrada do dicionário léxico por um usuário</Objetivo>
    <Contexto>Sistema aberto, Página de Detalhe (cenário ou léxico)&lt;BR&gt;
&lt;b&gt;Pré-Condição&lt;/b&gt;: Login, Navegação</Contexto>
    <Atores>Usuário, Sistema</Atores>
    <Recursos>Interface</Recursos>
    <Episodios>O sistema fornecerá para o usuário a mesma tela de &lt;A HREF=#11&gt;Inclusão de Léxico&lt;/A&gt; porém com os campos preenchidos com os dados do léxico a ser alterado já em seus respectivos campos e um campo a mais para o usuário colocar uma justificativa para a alteração.</Episodios>
  </Cenario>
</root>
